"n","n_mod_13","n_mod_64","S_n_cyclic","T_n_2_s","T_bits","T_bits_2_T_n","n__6_bits","real_n","n_x","n_y","n_z","f_n","real_f_n","p_n","real_p_n","log(p_n)","a","b","c","test_prime",,"state","p_n","p_n=floor(a*n+b*f_n+c*p₀)+S_n+T_n","symbol_x","symbol_y","symbol_z","label_x","label_y","label_z","zeta_alpha","zeta_beta","zeta_gamma","S₀","S₁","S₂","R","G","B","H","S","V","LightFrec","SoundFreq","Energy","C₀","C₁","C₂","Midi₀","Midi₁","Midi_param_n"
0,0,0,0,0,"0","0","0",-1,-1,1,1,0,-1.00000000000000000000,13,0,1.11394335230684,0,0.00000000000000000000,1,13,0,"success",13,,,,,,,,,,,,,,,,,,,,,,,"Sound₁","Sound₂","Sound₃",,,
1,1,1,8,9,"1001","9","1",0,1,0,0,1,-0.85714285714285700000,17,0.133333333333333,1.23044892137827,1,-1.00000000000000000000,0,17,4,"success",17,,,,,,,,,,,,,,,,,,,,,,,"Sound₂","Sound₃",,,,
2,2,2,3,1,"1","1","10",0.333333333333333,10.3333333333333,0.032258064516129,0.032258064516129,1,-0.85714285714285700000,19,0.1875,1.27875360095283,0,2.00000000000000000000,1,19,6,"success",19,,,,,,,,,,,,,,,,,,,,,,,"Sound₁",,,,,
3,3,3,11,8,"1000","8","11",0.5,11.5,0.043478260869565,0.043478260869565,2,-0.73333333333333300000,23,0.277777777777778,1.36172783601759,1,0.50000000000000000000,0,23,10,"success",23,,,,,,,,,,,,,,,,,,,,,,,"Sound₂",,,,,
4,4,4,6,2,"10","2","100",0.6,100.6,0.00596421471173,0.00596421471173,3,-0.62500000000000000000,29,0.380952380952381,1.46239799789896,0,2.66666666666667000000,1,29,3,"success",29,,,,,,,,,,,,,,,,,,,,,,,"Sound₁",,,,,
5,5,5,1,4,"100","4","101",0.666666666666667,101.666666666667,0.00655737704918,0.00655737704918,5,-0.44444444444444400000,31,0.409090909090909,1.49136169383427,1,4.20000000000000000000,0,31,5,"success",31,,,,,,,,,,,,,,,,,,,,,,,"Sound₂",,,,,
6,6,6,9,15,"1111","F","110",0.714285714285714,110.714285714286,0.006451612903226,0.006451612903226,8,-0.23809523809523800000,37,0.48,1.56820172406699,0,0.00000000000000000000,1,37,11,"success",37,,,,,,,,,,,,,,,,,,,,,,,"Sound₁",,,,,
7,7,7,4,3,"11","3","111",0.75,111.75,0.006711409395973,0.006711409395973,13,0.00000000000000000000,41,0.518518518518518,1.61278385671974,1,2.07692307692308000000,0,41,2,"success",41,,,,,,,,,,,,,,,,,,,,,,,"Sound₂",,,,,
8,8,8,12,4,"100","4","1000",0.777777777777778,1000.77777777778,0.000777173309648,0.000777173309648,21,0.23529411764705900000,43,0.535714285714286,1.63346845557959,0,0.66666666666666700000,1,43,4,"success",43,,,,,,,,,,,,,,,,,,,,,,,"Sound₁",,,,,
9,9,9,7,14,"1110","E","1001",0.8,1001.8,0.000798562587343,0.000798562587343,34,0.44680851063829800000,47,0.566666666666667,1.67209785793572,1,0.50000000000000000000,0,47,8,"success",47,,,,,,,,,,,,,,,,,,,,,,,"Sound₂",,,,,
10,10,10,2,8,"1000","8","1010",0.818181818181818,1010.81818181818,0.000809425308031,0.000809425308031,55,0.61764705882352900000,53,0.606060606060606,1.72427586960079,0,0.54545454545454500000,1,53,1,"success",53,,,,,,,,,,,,,,,,,,,,,,,"Sound₁",,,,,
11,11,11,10,1,"1","1","1011",0.833333333333333,1011.83333333333,0.000823587547356,0.000823587547356,89,0.74509803921568600000,59,0.638888888888889,1.77085201164214,1,0.41573033707865200000,0,59,7,"success",59,,,,,,,,,,,,,,,,,,,,,,,"Sound₂",,,,,
12,12,12,5,9,"1001","9","1100",0.846153846153846,1100.84615384615,0.000768639508071,0.000768639508071,144,0.83439490445859900000,61,0.648648648648649,1.78532983501077,0,0.23611111111111100000,1,61,9,"success",61,,,,,,,,,,,,,,,,,,,,,,,"Sound₁",,,,,
13,0,13,0,0,"0","0","1101",0.857142857142857,1101.85714285714,0.000777907429016,0.000777907429016,233,0.89430894308943100000,67,0.675,1.82607480270083,1,0.23175965665236000000,0,67,2,"success",67,,,,,,,,,,,,,,,,,,,,,,,"Sound₂",,,,,
14,1,14,8,9,"1001","9","1110",0.866666666666667,1110.86666666667,0.00078017163776,0.00078017163776,377,0.93333333333333300000,71,0.69047619047619,1.85125834871908,0,0.10875331564986700000,1,71,6,"success",71,,,,,,,,,,,,,,,,,,,,,,,"Sound₁",,,,,
15,2,15,3,1,"1","1","1111",0.875,1111.875,0.000786958965711,0.000786958965711,610,0.95826645264847500000,73,0.697674418604651,1.86332286012046,1,0.08852459016393440000,0,73,8,"success",73,,,,,,,,,,,,,,,,,,,,,,,"Sound₂",,,,,
16,3,16,11,8,"1000","8","10000",0.882352941176471,10000.8823529412,8.82275093374114E-05,8.82275093374114E-05,987,0.97400000000000000000,79,0.717391304347826,1.89762709129044,0,0.04761904761904760000,1,79,1,"success",79,,,,,,,,,,,,,,,,,,,,,,,"Sound₁",,,,,
17,4,17,6,2,"10","2","10001",0.888888888888889,10001.8888888889,8.88721019363009E-05,8.88721019363009E-05,1597,0.98385093167701900000,83,0.729166666666667,1.91907809237607,1,0.03631809643080780000,0,83,5,"success",83,,,,,,,,,,,,,,,,,,,,,,,"Sound₂",,,,,
18,5,18,1,4,"100","4","10010",0.894736842105263,10010.8947368421,8.9376311071622E-05,8.9376311071622E-05,2584,0.98998844820947300000,89,0.745098039215686,1.94939000664491,0,0.02747678018575850000,1,89,11,"success",89,,,,,,,,,,,,,,,,,,,,,,,"Sound₁",,,,,
19,6,19,9,15,"1111","F","10011",0.9,10011.9,8.98930272975159E-05,8.98930272975159E-05,4181,0.99380066762041000000,97,0.763636363636364,1.98677173426624,1,0.01291557043769430000,0,97,6,"success",97,,,,,,,,,,,,,,,,,,,,,,,"Sound₂",,,,,
20,7,20,4,3,"11","3","10100",0.904761904761905,10100.9047619048,8.95723626832108E-05,8.95723626832108E-05,6765,0.99616406019474800000,101,0.771929824561403,2.00432137378264,0,0.01197339246119730000,1,101,10,"success",101,,,,,,,,,,,,,,,,,,,,,,,"Sound₁",,,,,
21,8,21,12,4,"100","4","10101",0.909090909090909,10101.9090909091,8.99919907128266E-05,8.99919907128266E-05,10946,0.99762752075919300000,103,0.775862068965517,2.01283722470517,1,0.00602959985382788000,0,103,12,"success",103,,,,,,,,,,,,,,,,,,,,,,,"Sound₂",,,,,
22,9,22,7,14,"1110","E","10110",0.91304347826087,10110.9130434783,9.03027722951095E-05,9.03027722951095E-05,17711,0.99853306251410500000,107,0.783333333333333,2.02938377768521,0,0.00412173225678957000,1,107,3,"success",107,,,,,,,,,,,,,,,,,,,,,,,"Sound₁",,,,,
23,10,23,2,8,"1000","8","10111",0.916666666666667,10111.9166666667,9.06521183751844E-05,9.06521183751844E-05,28657,0.99909312870596400000,109,0.786885245901639,2.03742649794062,1,0.00265205708901839000,0,109,5,"success",109,,,,,,,,,,,,,,,,,,,,,,,"Sound₂",,,,,
24,11,24,10,1,"1","1","11000",0.92,11000.92,8.36293691800322E-05,8.36293691800322E-05,46368,0.99943942562687300000,113,0.793650793650794,2.05307844348342,0,0.00191942719116632000,1,113,9,"success",113,,,,,,,,,,,,,,,,,,,,,,,"Sound₁",,,,,
25,12,25,5,9,"1001","9","11001",0.923076923076923,11001.9230769231,8.39014158363922E-05,8.39014158363922E-05,75025,0.99965350888883000000,127,0.814285714285714,2.10380372095596,1,0.00117294235254915000,0,127,10,"success",127,,,,,,,,,,,,,,,,,,,,,,,"Sound₂",,,,,
26,0,26,0,0,"0","0","11010",0.925925925925926,11010.9259259259,8.40915588893187E-05,8.40915588893187E-05,121393,0.99978584254485000000,131,0.819444444444444,2.11727129565576,0,0.00097204945919451700,1,131,1,"success",131,,,,,,,,,,,,,,,,,,,,,,,"Sound₁",,,,,
27,1,27,8,9,"1001","9","11011",0.928571428571429,11011.9285714286,8.43241420018551E-05,8.43241420018551E-05,196418,0.99986763800011200000,137,0.826666666666667,2.13672056715641,1,0.00047348002728874100,0,137,7,"success",137,,,,,,,,,,,,,,,,,,,,,,,"Sound₂",,,,,
28,2,28,3,1,"1","1","11100",0.931034482758621,11100.9310344828,8.3869945670913E-05,8.3869945670913E-05,317811,0.99991819371727800000,139,0.828947368421053,2.14301480025409,0,0.00038387595143025300,1,139,9,"success",139,,,,,,,,,,,,,,,,,,,,,,,"Sound₁",,,,,
29,3,29,11,8,"1000","8","11101",0.933333333333333,11101.9333333333,8.40694413585622E-05,8.40694413585622E-05,514229,0.99994944014685700000,149,0.839506172839506,2.17318626841227,1,0.00019641054860772100,0,149,6,"success",149,,,,,,,,,,,,,,,,,,,,,,,"Sound₂",,,,,
30,4,30,6,2,"10","2","11110",0.935483870967742,11110.935483871,8.4194879209381E-05,8.4194879209381E-05,832040,0.99996875199055800000,151,0.841463414634146,2.17897694729317,0,0.00015624248834190700,1,151,8,"success",151,,,,,,,,,,,,,,,,,,,,,,,"Sound₁",,,,,
31,5,31,1,4,"100","4","11111",0.9375,11111.9375,8.43687250760725E-05,8.43687250760725E-05,1346269,0.99998068755283100000,157,0.847058823529412,2.19589965240923,1,0.00008987802586258760,0,157,1,"success",157,,,,,,,,,,,,,,,,,,,,,,,"Sound₂",,,,,
32,6,32,9,15,"1111","F","100000",0.939393939393939,100000.939393939,9.39385114867103E-06,9.39385114867103E-06,2178309,0.99998806420722000000,163,0.852272727272727,2.21218760440396,0,0.00005784303328866570,1,163,7,"success",163,,,,,,,,,,,,,,,,,,,,,,,"Sound₁",,,,,
33,7,33,4,3,"11","3","100001",0.941176470588235,100001.941176471,9.41158201046686E-06,9.41158201046686E-06,3524578,0.99999262325756400000,167,0.855555555555556,2.22271647114758,1,0.00003603268249418800,0,167,11,"success",167,,,,,,,,,,,,,,,,,,,,,,,"Sound₂",,,,,
34,8,34,12,4,"100","4","100010",0.942857142857143,100010.942857143,9.42753978636052E-06,9.42753978636052E-06,5702887,0.99999544091602500000,173,0.860215053763441,2.2380461031288,0,0.00002525036880443190,1,173,4,"success",173,,,,,,,,,,,,,,,,,,,,,,,"Sound₁",,,,,
35,9,35,7,14,"1110","E","100011",0.944444444444444,100011.944444444,9.44331649275225E-06,9.44331649275225E-06,9227465,0.99999718232869300000,179,0.864583333333333,2.25285303097989,1,0.00001332977150279090,0,179,10,"success",179,,,,,,,,,,,,,,,,,,,,,,,"Sound₂",,,,,
36,10,36,2,8,"1000","8","100100",0.945945945945946,100100.945945946,9.44992014817475E-06,9.44992014817475E-06,14930352,0.99999825858242600000,181,0.865979381443299,2.25767857486918,0,0.00001058246985737510,1,181,12,"success",181,,,,,,,,,,,,,,,,,,,,,,,"Sound₁",,,,,
37,11,37,10,1,"1","1","100101",0.947368421052632,100101.947368421,9.46403587500532E-06,9.46403587500532E-06,24157817,0.99999892374439300000,191,0.872549019607843,2.28103336724773,1,0.00000591940902607218,0,191,9,"success",191,,,,,,,,,,,,,,,,,,,,,,,"Sound₂",,,,,
38,12,38,5,9,"1001","9","100110",0.948717948717949,100110.948717949,9.4766652485819E-06,9.4766652485819E-06,39088169,0.99999933483731700000,193,0.87378640776699,2.28555730900777,0,0.00000424680930948697,1,193,11,"success",193,,,,,,,,,,,,,,,,,,,,,,,"Sound₁",,,,,
39,0,39,0,0,"0","0","100111",0.95,100111.95,9.48937664284833E-06,9.48937664284833E-06,63245986,0.99999958890680200000,197,0.876190476190476,2.29446622616159,1,0.00000249818225618302,0,197,2,"success",197,,,,,,,,,,,,,,,,,,,,,,,"Sound₂",,,,,
40,1,40,8,9,"1001","9","101000",0.951219512195122,101000.951219512,9.41792627405827E-06,9.41792627405827E-06,102334155,0.99999974593041100000,199,0.877358490566038,2.29885307640971,0,0.00000165145253801138,1,199,4,"success",199,,,,,,,,,,,,,,,,,,,,,,,"Sound₁",,,,,
41,2,41,3,1,"1","1","101001",0.952380952380952,101001.952380952,9.42933210626292E-06,9.42933210626292E-06,165580141,0.99999984297635100000,211,0.883928571428571,2.32428245529769,1,0.00000100253568451787,0,211,3,"success",211,,,,,,,,,,,,,,,,,,,,,,,"Sound₂",,,,,
42,3,42,11,8,"1000","8","101010",0.953488372093023,101010.953488372,9.43945521910933E-06,9.43945521910933E-06,267914296,0.99999990295404500000,223,0.889830508474576,2.34830486304816,0,0.00000071291455085323,1,223,2,"success",223,,,,,,,,,,,,,,,,,,,,,,,"Sound₁",,,,,
43,4,43,6,2,"10","2","101011",0.954545454545455,101011.954545455,9.44982659568197E-06,9.44982659568197E-06,433494437,0.99999994002230000000,227,0.891666666666667,2.35602585719312,1,0.00000040600290333138,0,227,6,"success",227,,,,,,,,,,,,,,,,,,,,,,,"Sound₂",,,,,
44,5,44,1,4,"100","4","101100",0.955555555555556,101100.955555556,9.45149875492989E-06,9.45149875492989E-06,701408733,0.99999996293174300000,229,0.892561983471074,2.35983548233989,0,0.00000030082317210043,1,229,8,"success",229,,,,,,,,,,,,,,,,,,,,,,,"Sound₁",,,,,
45,6,45,9,15,"1111","F","101101",0.956521739130435,101101.956521739,9.46096170675749E-06,9.46096170675749E-06,1134903170,0.99999997709055700000,233,0.894308943089431,2.36735592102602,1,0.00000014450572025453,0,233,12,"success",233,,,,,,,,,,,,,,,,,,,,,,,"Sound₂",,,,,
46,7,46,4,3,"11","3","101110",0.957446808510638,101110.957446809,9.46926854109084E-06,9.46926854109084E-06,1836311903,0.99999998584118500000,239,0.896825396825397,2.37839790094814,0,0.00000011926078551374,1,239,5,"success",239,,,,,,,,,,,,,,,,,,,,,,,"Sound₁",,,,,
47,8,47,12,4,"100","4","101111",0.958333333333333,101111.958333333,9.47794256119557E-06,9.47794256119557E-06,2971215073,0.99999999124937100000,241,0.89763779527559,2.38201704257487,1,0.00000005990815058039,0,241,7,"success",241,,,,,,,,,,,,,,,,,,,,,,,"Sound₂",,,,,
48,9,48,7,14,"1110","E","110000",0.959183673469388,110000.959183673,8.71977554184592E-06,8.71977554184592E-06,4807526976,0.99999999459181400000,251,0.901515151515151,2.39967372148104,0,0.00000004513755223492,1,251,4,"success",251,,,,,,,,,,,,,,,,,,,,,,,"Sound₁",,,,,
49,10,49,2,8,"1000","8","110001",0.96,110001.96,8.72711722591125E-06,8.72711722591125E-06,7778742049,0.99999999665755700000,257,0.903703703703704,2.40993312333129,1,0.00000002545398712964,0,257,10,"success",257,,,,,,,,,,,,,,,,,,,,,,,"Sound₂",,,,,
50,11,50,10,1,"1","1","110010",0.96078431372549,110010.960784314,8.73353261234754E-06,8.73353261234754E-06,12586269025,0.99999999793425700000,263,0.905797101449275,2.41995574848976,0,0.00000001898894736202,1,263,3,"success",263,,,,,,,,,,,,,,,,,,,,,,,"Sound₁",,,,,
51,12,51,5,9,"1001","9","110011",0.961538461538462,110011.961538462,8.74030830913142E-06,8.74030830913142E-06,20365011074,0.99999999872330000000,269,0.907801418439716,2.42975228000241,1,0.00000001001718090203,0,269,9,"success",269,,,,,,,,,,,,,,,,,,,,,,,"Sound₂",,,,,
52,0,52,0,0,"0","0","110100",0.962264150943396,110100.962264151,8.73983415907629E-06,8.73983415907629E-06,32951280099,0.99999999921095600000,271,0.908450704225352,2.43296929087441,0,0.00000000782974134009,1,271,11,"success",271,,,,,,,,,,,,,,,,,,,,,,,"Sound₁",,,,,
53,1,53,8,9,"1001","9","110101",0.962962962962963,110101.962962963,8.74610167746866E-06,8.74610167746866E-06,53316291173,0.99999999951234400000,277,0.910344827586207,2.44247976906445,1,0.00000000388249061302,0,277,4,"success",277,,,,,,,,,,,,,,,,,,,,,,,"Sound₂",,,,,
54,2,54,3,1,"1","1","110110",0.963636363636364,110110.963636364,8.75150241004818E-06,8.75150241004818E-06,86267571272,0.99999999969861200000,281,0.91156462585034,2.44870631990508,0,0.00000000306024611691,1,281,8,"success",281,,,,,,,,,,,,,,,,,,,,,,,"Sound₁",,,,,
55,3,55,11,8,"1000","8","110111",0.964285714285714,110111.964285714,8.75732006545286E-06,8.75732006545286E-06,139583862445,0.99999999981373200000,283,0.912162162162162,2.45178643552429,1,0.00000000149730775707,0,283,10,"success",283,,,,,,,,,,,,,,,,,,,,,,,"Sound₂",,,,,
56,4,56,6,2,"10","2","111000",0.964912280701754,111000.964912281,8.69282786383238E-06,8.69282786383238E-06,225851433717,0.99999999988488000000,293,0.915032679738562,2.46686762035411,0,0.00000000120433151795,1,293,7,"success",293,,,,,,,,,,,,,,,,,,,,,,,"Sound₁",,,,,
57,5,57,1,4,"100","4","111001",0.96551724137931,111001.965517241,8.69819950376772E-06,8.69819950376772E-06,365435296162,0.99999999992885200000,307,0.91875,2.48713837547719,1,0.00000000067043332314,0,307,8,"success",307,,,,,,,,,,,,,,,,,,,,,,,"Sound₂",,,,,
58,6,58,9,15,"1111","F","111010",0.966101694915254,111010.966101695,8.70275909526116E-06,8.70275909526116E-06,591286729879,0.99999999995602800000,311,0.919753086419753,2.49276038902684,0,0.00000000046339615986,1,311,12,"success",311,,,,,,,,,,,,,,,,,,,,,,,"Sound₁",,,,,
59,7,59,4,3,"11","3","111011",0.966666666666667,111011.966666667,8.70776994312025E-06,8.70776994312025E-06,956722026041,0.99999999997282400000,313,0.920245398773006,2.49554433754645,1,0.00000000025817321362,0,313,1,"success",313,,,,,,,,,,,,,,,,,,,,,,,"Sound₂",,,,,
60,8,60,12,4,"100","4","111100",0.967213114754098,111100.967213115,8.70571282155251E-06,8.70571282155251E-06,1548008755920,0.99999999998320400000,317,0.921212121212121,2.50105926221775,0,0.00000000018604545930,1,317,5,"success",317,,,,,,,,,,,,,,,,,,,,,,,"Sound₁",,,,,
61,9,61,7,14,"1110","E","111101",0.967741935483871,111101.967741935,8.7103942005034E-06,8.7103942005034E-06,2504730781961,0.99999999998962000000,331,0.924418604651163,2.51982799377572,1,0.00000000009941188163,0,331,6,"success",331,,,,,,,,,,,,,,,,,,,,,,,"Sound₂",,,,,
62,10,62,2,8,"1000","8","111110",0.968253968253968,111110.968253968,8.71429691838175E-06,8.71429691838175E-06,4052739537881,0.99999999999358500000,337,0.925714285714286,2.52762990087134,0,0.00000000007747845552,1,337,12,"success",337,,,,,,,,,,,,,,,,,,,,,,,"Sound₁",,,,,
63,11,63,10,1,"1","1","111111",0.96875,111111.96875,8.71868270266789E-06,8.71868270266789E-06,6557470319842,0.99999999999603500000,347,0.927777777777778,2.54032947479087,1,0.00000000004163190784,0,347,9,"success",347,,,,,,,,,,,,,,,,,,,,,,,"Sound₂",,,,,
64,12,0,5,9,"1001","9","1000000",0.969230769230769,1000000.96923077,9.69229829823396E-07,9.69229829823396E-07,10610209857723,0.99999999999755000000,349,0.92817679558011,2.54282542695918,0,0.00000000003034812735,1,349,11,"success",349,,,,,,,,,,,,,,,,,,,,,,,"Sound₁",,,,,
65,0,1,0,0,"0","0","1000001",0.96969696969697,1000001.96969697,9.69695059691549E-07,9.69695059691549E-07,17167680177565,0.99999999999848600000,353,0.92896174863388,2.54777470538782,1,0.00000000001677570860,0,353,2,"success",353,,,,,,,,,,,,,,,,,,,,,,,,,,,,
66,1,2,8,9,"1001","9","1000010",0.970149253731343,1000010.97014925,9.70138611165982E-07,9.70138611165982E-07,27777890035288,0.99999999999906400000,359,0.93010752688172,2.55509444857832,0,0.00000000001184395214,1,359,8,"success",359,,,,,,,,,,,,,,,,,,,,,,,,,,,,
67,2,3,3,1,"1","1","1000011",0.970588235294118,1000011.97058824,9.70576616921086E-07,9.70576616921086E-07,44945570212853,0.99999999999942100000,367,0.931578947368421,2.56466606425209,1,0.00000000000658574357,0,367,3,"success",367,,,,,,,,,,,,,,,,,,,,,,,,,,,,
68,3,4,11,8,"1000","8","1000100",0.971014492753623,1000100.97101449,9.70916458333837E-07,9.70916458333837E-07,72723460248141,0.99999999999964200000,373,0.932642487046632,2.57170883180869,0,0.00000000000468899580,1,373,9,"success",373,,,,,,,,,,,,,,,,,,,,,,,,,,,,
69,4,5,6,2,"10","2","1000101",0.971428571428571,1000101.97142857,9.71329523569439E-07,9.71329523569439E-07,117669030460994,0.99999999999977900000,379,0.933673469387755,2.57863920996807,1,0.00000000000256652068,0,379,2,"success",379,,,,,,,,,,,,,,,,,,,,,,,,,,,,
70,5,6,1,4,"100","4","1000110",0.971830985915493,1000110.97183099,9.71723152018102E-07,9.71723152018102E-07,190392490709135,0.99999999999986300000,383,0.934343434343434,2.58319877396862,0,0.00000000000191709242,1,383,6,"success",383,,,,,,,,,,,,,,,,,,,,,,,,,,,,
71,6,7,9,15,"1111","F","1000111",0.972222222222222,1000111.97222222,9.72113372527648E-07,9.72113372527648E-07,308061521170129,0.99999999999991600000,389,0.935323383084577,2.58994960132571,1,0.00000000000095435483,0,389,12,"success",389,,,,,,,,,,,,,,,,,,,,,,,,,,,,
72,7,8,4,3,"11","3","1001000",0.972602739726027,1001000.97260274,9.71630164551316E-07,9.71630164551316E-07,498454011879264,0.99999999999994800000,397,0.936585365853659,2.59879050676312,0,0.00000000000075633858,1,397,7,"success",397,,,,,,,,,,,,,,,,,,,,,,,,,,,,
73,8,9,12,4,"100","4","1001001",0.972972972972973,1001001.97297297,9.71999056188917E-07,9.71999056188917E-07,806515533049393,0.99999999999996800000,401,0.93719806763285,2.60314437262018,1,0.00000000000038684934,0,401,11,"success",401,,,,,,,,,,,,,,,,,,,,,,,,,,,,
74,9,10,7,14,"1110","E","1001010",0.973333333333333,1001010.97333333,9.72350313096135E-07,9.72350313096135E-07,1304969544928657,0.99999999999998000000,409,0.938388625592417,2.61172330800734,0,0.00000000000028736303,1,409,6,"success",409,,,,,,,,,,,,,,,,,,,,,,,,,,,,
75,10,11,2,8,"1000","8","1001011",0.973684210526316,1001011.97368421,9.72699863861453E-07,9.72699863861453E-07,2111485077978050,0.99999999999998800000,419,0.939814814814815,2.6222140229663,1,0.00000000000015818251,0,419,3,"success",419,,,,,,,,,,,,,,,,,,,,,,,,,,,,
76,11,12,10,1,"1","1","1001100",0.974025974025974,1001100.97402597,9.72954776089053E-07,9.72954776089053E-07,3416454622906707,0.99999999999999200000,421,0.940092165898617,2.62428209583567,0,0.00000000000011620233,1,421,5,"success",421,,,,,,,,,,,,,,,,,,,,,,,,,,,,
77,12,13,5,9,"1001","9","1001101",0.974358974358974,1001101.97435897,9.73286437660735E-07,9.73286437660735E-07,5527939700884757,0.99999999999999500000,431,0.941441441441441,2.63447727016073,1,0.00000000000006150574,0,431,2,"success",431,,,,,,,,,,,,,,,,,,,,,,,,,,,,
78,0,14,0,0,"0","0","1001110",0.974683544303797,1001110.97468354,9.73601897244109E-07,9.73601897244109E-07,8944394323791464,0.99999999999999700000,433,0.941704035874439,2.63648789635336,0,0.00000000000004695678,1,433,4,"success",433,,,,,,,,,,,,,,,,,,,,,,,,,,,,
79,1,15,8,9,"1001","9","1001111",0.975,1001111.975,9.73917028612109E-07,9.73917028612109E-07,1.44723340246762E+016,0.99999999999999800000,439,0.942477876106195,2.64246452024212,1,0.00000000000002370039,0,439,10,"success",439,,,,,,,,,,,,,,,,,,,,,,,,,,,,
80,2,16,3,1,"1","1","1010000",0.975308641975309,1010000.97530864,9.65651188284514E-07,9.65651188284514E-07,2.34167283484677E+016,0.99999999999999900000,443,0.942982456140351,2.64640372622307,0,0.00000000000001819212,1,443,1,"success",443,,,,,,,,,,,,,,,,,,,,,,,,,,,,
81,3,17,11,8,"1000","8","1010001",0.975609756097561,1010001.97560976,9.65948364119356E-07,9.65948364119356E-07,3.78890623731439E+016,0.99999999999999900000,449,0.943722943722944,2.65224634100332,1,0.00000000000000921110,0,449,7,"success",449,,,,,,,,,,,,,,,,,,,,,,,,,,,,
82,4,18,6,2,"10","2","1010010",0.975903614457831,1010010.97590361,9.66230702180966E-07,9.66230702180966E-07,6.13057907216116E+016,1.00000000000000000000,457,0.94468085106383,2.65991620006985,0,0.00000000000000711189,1,457,2,"success",457,,,,,,,,,,,,,,,,,,,,,,,,,,,,
83,5,19,1,4,"100","4","1010011",0.976190476190476,1010011.97619048,9.66513763403513E-07,9.66513763403513E-07,9.91948530947555E+016,1.00000000000000000000,461,0.945147679324895,2.66370092538965,1,0.00000000000000376028,0,461,6,"success",461,,,,,,,,,,,,,,,,,,,,,,,,,,,,
84,6,20,9,15,"1111","F","1010100",0.976470588235294,1010100.97647059,9.66705914538562E-07,9.66705914538562E-07,1.60500643816367E+017,1.00000000000000000000,463,0.945378151260504,2.66558099101795,0,0.00000000000000265419,1,463,8,"success",463,,,,,,,,,,,,,,,,,,,,,,,,,,,,
85,7,21,4,3,"11","3","1010101",0.976744186046512,1010101.97674419,9.66975818812676E-07,9.66975818812676E-07,2.59695496911123E+017,1.00000000000000000000,467,0.945833333333333,2.66931688056611,1,0.00000000000000144400,0,467,12,"success",467,,,,,,,,,,,,,,,,,,,,,,,,,,,,
86,8,22,12,4,"100","4","1010110",0.977011494252874,1010110.97701149,9.67231835400355E-07,9.67231835400355E-07,4.2019614072749E+017,1.00000000000000000000,479,0.947154471544715,2.68033551341456,0,0.00000000000000107093,1,479,11,"success",479,,,,,,,,,,,,,,,,,,,,,,,,,,,,
87,9,23,7,14,"1110","E","1010111",0.977272727272727,1010111.97727273,9.67489495482803E-07,9.67489495482803E-07,6.79891637638612E+017,1.00000000000000000000,487,0.948,2.68752896121463,1,0.00000000000000055744,0,487,6,"success",487,,,,,,,,,,,,,,,,,,,,,,,,,,,,
88,10,24,2,8,"1000","8","1011000",0.97752808988764,1011000.97752809,9.66891339984368E-07,9.66891339984368E-07,1.1000877783661E+018,1.00000000000000000000,491,0.948412698412698,2.69108149212297,0,0.00000000000000042542,1,491,10,"success",491,,,,,,,,,,,,,,,,,,,,,,,,,,,,
89,11,25,10,1,"1","1","1011001",0.977777777777778,1011001.97777778,9.67137354099912E-07,9.67137354099912E-07,1.77997941600471E+018,1.00000000000000000000,499,0.94921875,2.69810054562339,1,0.00000000000000022416,0,499,5,"success",499,,,,,,,,,,,,,,,,,,,,,,,,,,,,
90,12,26,5,9,"1001","9","1011010",0.978021978021978,1011010.97802198,9.67370285073915E-07,9.67370285073915E-07,2.88006719437082E+018,1.00000000000000000000,503,0.949612403100775,2.70156798505593,0,0.00000000000000016527,1,503,9,"success",503,,,,,,,,,,,,,,,,,,,,,,,,,,,,
91,0,27,0,0,"0","0","1011011",0.978260869565217,1011011.97826087,9.67605617539774E-07,9.67605617539774E-07,4.66004661037553E+018,1.00000000000000000000,509,0.950191570881226,2.70671778233676,1,0.00000000000000008970,0,509,2,"success",509,,,,,,,,,,,,,,,,,,,,,,,,,,,,
92,1,28,8,9,"1001","9","1011100",0.978494623655914,1011100.97849462,9.67751633583368E-07,9.67751633583368E-07,7.54011380474635E+018,1.00000000000000000000,521,0.951310861423221,2.71683772329952,0,0.00000000000000006512,1,521,1,"success",521,,,,,,,,,,,,,,,,,,,,,,,,,,,,
93,2,29,3,1,"1","1","1011101",0.978723404255319,1011101.9787234,9.67976944809301E-07,9.67976944809301E-07,1.22001604151219E+019,1.00000000000000000000,523,0.951492537313433,2.71850168886727,1,0.00000000000000003492,0,523,3,"success",523,,,,,,,,,,,,,,,,,,,,,,,,,,,,
94,3,30,11,8,"1000","8","1011110",0.978947368421053,1011110.97894737,9.68189831585253E-07,9.68189831585253E-07,1.97402742198682E+019,1.00000000000000000000,541,0.953068592057762,2.73319726510657,0,0.00000000000000002578,1,541,8,"success",541,,,,,,,,,,,,,,,,,,,,,,,,,,,,
95,4,31,6,2,"10","2","1011111",0.979166666666667,1011111.97916667,9.68405762014284E-07,9.68405762014284E-07,3.19404346349901E+019,1.00000000000000000000,547,0.953571428571429,2.73798732633343,1,0.00000000000000001390,0,547,1,"success",547,,,,,,,,,,,,,,,,,,,,,,,,,,,,
96,5,32,1,4,"100","4","1100000",0.979381443298969,1100000.97938144,8.90345973918767E-07,8.90345973918767E-07,5.16807088548583E+019,1.00000000000000000000,557,0.954385964912281,2.74585519517373,0,0.00000000000000001043,1,557,11,"success",557,,,,,,,,,,,,,,,,,,,,,,,,,,,,
97,6,33,9,15,"1111","F","1100001",0.979591836734694,1100001.97959184,8.90536430760041E-07,8.90536430760041E-07,8.36211434898484E+019,1.00000000000000000000,563,0.954861111111111,2.75050839485135,1,0.00000000000000000529,0,563,4,"success",563,,,,,,,,,,,,,,,,,,,,,,,,,,,,
98,7,34,4,3,"11","3","1100010",0.97979797979798,1100010.97979798,8.90716545372958E-07,8.90716545372958E-07,1.35301852344707E+020,1.00000000000000000000,569,0.9553264604811,2.75511226639507,0,0.00000000000000000406,1,569,10,"success",569,,,,,,,,,,,,,,,,,,,,,,,,,,,,
99,8,35,12,4,"100","4","1100011",0.98,1100011.98,8.90899388204845E-07,8.90899388204845E-07,2.18922995834555E+020,1.00000000000000000000,571,0.955479452054795,2.75663610824585,1,0.00000000000000000208,0,571,12,"success",571,,,,,,,,,,,,,,,,,,,,,,,,,,,,
100,9,36,7,14,"1110","E","1100100",0.98019801980198,1100100.98019802,8.91007314279043E-07,8.91007314279043E-07,3.54224848179262E+020,1.00000000000000000000,577,0.95593220338983,2.76117581315573,0,0.00000000000000000153,1,577,5,"success",577,,,,,,,,,,,,,,,,,,,,,,,,,,,,
101,10,37,2,8,"1000","8","1100101",0.980392156862745,1100101.98039216,8.91182976066693E-07,8.91182976066693E-07,5.73147844013817E+020,1.00000000000000000000,587,0.956666666666667,2.76863810124761,1,0.00000000000000000083,0,587,2,"success",587,,,,,,,,,,,,,,,,,,,,,,,,,,,,
102,11,38,10,1,"1","1","1100110",0.980582524271845,1100110.98058252,8.91348728973337E-07,8.91348728973337E-07,9.27372692193079E+020,1.00000000000000000000,593,0.957095709570957,2.77305469336426,0,0.00000000000000000061,1,593,8,"success",593,,,,,,,,,,,,,,,,,,,,,,,,,,,,
103,12,39,5,9,"1001","9","1100111",0.980769230769231,1100111.98076923,8.91517634489762E-07,8.91517634489762E-07,1.5005205362069E+021,1.00000000000000000000,599,0.957516339869281,2.77742682238931,1,0.00000000000000000032,0,599,1,"success",599,,,,,,,,,,,,,,,,,,,,,,,,,,,,
104,0,40,0,0,"0","0","1101000",0.980952380952381,1101000.98095238,8.90964129844683E-07,8.90964129844683E-07,2.42789322839998E+021,1.00000000000000000000,601,0.957654723127036,2.77887447200274,0,0.00000000000000000024,1,601,3,"success",601,,,,,,,,,,,,,,,,,,,,,,,,,,,,
105,1,41,8,9,"1001","9","1101001",0.981132075471698,1101001.98113208,8.91126530456263E-07,8.91126530456263E-07,3.92841376460687E+021,1.00000000000000000000,607,0.958064516129032,2.78318869107526,1,0.00000000000000000012,0,607,9,"success",607,,,,,,,,,,,,,,,,,,,,,,,,,,,,
106,2,42,3,1,"1","1","1101010",0.981308411214953,1101010.98130841,8.91279403997219E-07,8.91279403997219E-07,6.35630699300685E+021,1.00000000000000000000,613,0.958466453674121,2.78746047451841,0,0.00000000000000000009,1,613,2,"success",613,,,,,,,,,,,,,,,,,,,,,,,,,,,,
107,3,43,11,8,"1000","8","1101011",0.981481481481482,1101011.98148148,8.91435786339796E-07,8.91435786339796E-07,1.02847207576137E+022,1.00000000000000000000,617,0.958730158730159,2.79028516403324,1,0.00000000000000000005,0,617,6,"success",617,,,,,,,,,,,,,,,,,,,,,,,,,,,,
108,4,44,6,2,"10","2","1101100",0.981651376146789,1101100.98165138,8.91518028323394E-07,8.91518028323394E-07,1.66410277506206E+022,1.00000000000000000000,619,0.958860759493671,2.79169064902012,0,0.00000000000000000004,1,619,8,"success",619,,,,,,,,,,,,,,,,,,,,,,,,,,,,
109,5,45,1,4,"100","4","1101101",0.981818181818182,1101101.98181818,8.91668708285282E-07,8.91668708285282E-07,2.69257485082343E+022,1.00000000000000000000,631,0.959627329192547,2.80002935924413,1,0.00000000000000000002,0,631,7,"success",631,,,,,,,,,,,,,,,,,,,,,,,,,,,,
110,6,46,9,15,"1111","F","1101110",0.981981981981982,1101110.98198198,8.9181017903793E-07,8.9181017903793E-07,4.35667762588549E+022,1.00000000000000000000,641,0.960244648318043,2.80685802951882,0,0.00000000000000000001,1,641,4,"success",641,,,,,,,,,,,,,,,,,,,,,,,,,,,,
111,7,47,4,3,"11","3","1101111",0.982142857142857,1101111.98214286,8.91955471442173E-07,8.91955471442173E-07,7.04925247670891E+022,1.00000000000000000000,643,0.960365853658537,2.80821097292422,1,0.00000000000000000001,0,643,6,"success",643,,,,,,,,,,,,,,,,,,,,,,,,,,,,
112,8,48,12,4,"100","4","1110000",0.982300884955752,1110000.98230089,8.84954969066399E-07,8.84954969066399E-07,1.14059301025944E+023,1.00000000000000000000,647,0.960606060606061,2.8109042806687,0,0.00000000000000000001,1,647,10,"success",647,,,,,,,,,,,,,,,,,,,,,,,,,,,,
113,9,49,7,14,"1110","E","1110001",0.982456140350877,1110001.98245614,8.85094041162847E-07,8.85094041162847E-07,1.84551825793033E+023,1.00000000000000000000,653,0.960960960960961,2.81491318127507,1,0.00000000000000000000,0,653,3,"success",653,,,,,,,,,,,,,,,,,,,,,,,,,,,,
114,10,50,2,8,"1000","8","1110010",0.982608695652174,1110010.9826087,8.85224300522589E-07,8.85224300522589E-07,2.98611126818977E+023,1.00000000000000000000,659,0.961309523809524,2.81888541459401,0,0.00000000000000000000,1,659,9,"success",659,,,,,,,,,,,,,,,,,,,,,,,,,,,,
115,11,51,10,1,"1","1","1110011",0.982758620689655,1110011.98275862,8.85358569055522E-07,8.85358569055522E-07,4.8316295261201E+023,1.00000000000000000000,661,0.961424332344214,2.82020145948564,1,0.00000000000000000000,0,661,11,"success",661,,,,,,,,,,,,,,,,,,,,,,,,,,,,
116,12,52,5,9,"1001","9","1110100",0.982905982905983,1110100.98290598,8.85420333862751E-07,8.85420333862751E-07,7.81774079430987E+023,1.00000000000000000000,673,0.962099125364431,2.82801506422398,0,0.00000000000000000000,1,673,10,"success",673,,,,,,,,,,,,,,,,,,,,,,,,,,,,
117,0,53,0,0,"0","0","1110101",0.983050847457627,1110101.98305085,8.85550032760007E-07,8.85550032760007E-07,1.264937032043E+024,1.00000000000000000000,677,0.96231884057971,2.83058866868514,1,0.00000000000000000000,0,677,1,"success",677,,,,,,,,,,,,,,,,,,,,,,,,,,,,
118,1,54,8,9,"1001","9","1110110",0.983193277310924,1110110.98319328,8.85671155583679E-07,8.85671155583679E-07,2.04671111147399E+024,1.00000000000000000000,683,0.96264367816092,2.83442070368153,0,0.00000000000000000000,1,683,7,"success",683,,,,,,,,,,,,,,,,,,,,,,,,,,,,
119,2,55,3,1,"1","1","1110111",0.983333333333333,1110111.98333333,8.85796521519098E-07,8.85796521519098E-07,3.31164814351698E+024,1.00000000000000000000,691,0.963068181818182,2.8394780473742,1,0.00000000000000000000,0,691,2,"success",691,,,,,,,,,,,,,,,,,,,,,,,,,,,,
120,3,56,11,8,"1000","8","1111000",0.983471074380165,1111000.98347107,8.85211704590512E-07,8.85211704590512E-07,5.35835925499097E+024,1.00000000000000000000,701,0.963585434173669,2.84571801796666,0,0.00000000000000000000,1,701,12,"success",701,,,,,,,,,,,,,,,,,,,,,,,,,,,,
121,4,57,6,2,"10","2","1111001",0.983606557377049,1111001.98360656,8.85332854387933E-07,8.85332854387933E-07,8.67000739850795E+024,1.00000000000000000000,709,0.96398891966759,2.85064623518307,1,0.00000000000000000000,0,709,7,"success",709,,,,,,,,,,,,,,,,,,,,,,,,,,,,
122,5,58,1,4,"100","4","1111010",0.983739837398374,1111010.98373984,8.85445645268917E-07,8.85445645268917E-07,1.40283666534989E+025,1.00000000000000000000,719,0.96448087431694,2.85672889038288,0,0.00000000000000000000,1,719,4,"success",719,,,,,,,,,,,,,,,,,,,,,,,,,,,,
123,6,59,9,15,"1111","F","1111011",0.983870967741935,1111011.98387097,8.85562876031229E-07,8.85562876031229E-07,2.26983740520069E+025,1.00000000000000000000,727,0.964864864864865,2.86153441085904,1,0.00000000000000000000,0,727,12,"success",727,,,,,,,,,,,,,,,,,,,,,,,,,,,,
124,7,60,4,3,"11","3","1111100",0.984,1111100.984,8.8560807178621E-07,8.8560807178621E-07,3.67267407055058E+025,1.00000000000000000000,733,0.96514745308311,2.86510397464113,0,0.00000000000000000000,1,733,5,"success",733,,,,,,,,,,,,,,,,,,,,,,,,,,,,
125,8,61,12,4,"100","4","1111101",0.984126984126984,1111101.98412698,8.85721561284253E-07,8.85721561284253E-07,5.94251147575127E+025,1.00000000000000000000,739,0.965425531914894,2.86864443839483,1,0.00000000000000000000,0,739,11,"success",739,,,,,,,,,,,,,,,,,,,,,,,,,,,,
126,9,62,7,14,"1110","E","1111110",0.984251968503937,1111110.98425197,8.85826872791257E-07,8.85826872791257E-07,9.61518554630184E+025,1.00000000000000000000,743,0.965608465608466,2.87098881376057,0,0.00000000000000000000,1,743,2,"success",743,,,,,,,,,,,,,,,,,,,,,,,,,,,,
127,10,63,2,8,"1000","8","1111111",0.984375,1111111.984375,8.85936803709043E-07,8.85936803709043E-07,1.55576970220531E+026,1.00000000000000000000,751,0.965968586387434,2.87563993700417,1,0.00000000000000000000,0,751,10,"success",751,,,,,,,,,,,,,,,,,,,,,,,,,,,,
128,11,0,10,1,"1","1","10000000",0.984496124031008,10000000.9844961,9.84496027107755E-08,9.84496027107755E-08,2.5172882568355E+026,1.00000000000000000000,757,0.966233766233766,2.87909587950007,0,0.00000000000000000000,1,757,3,"success",757,,,,,,,,,,,,,,,,,,,,,,,,,,,,
129,12,1,5,9,"1001","9","10000001",0.984615384615385,10000001.9846154,9.84615189207139E-08,9.84615189207139E-08,4.07305795904081E+026,1.00000000000000000000,761,0.96640826873385,2.88138465677057,1,0.00000000000000000000,0,761,7,"success",761,,,,,,,,,,,,,,,,,,,,,,,,,,,,
130,0,2,0,0,"0","0","10000010",0.984732824427481,10000010.9847328,9.84731742725971E-08,9.84731742725971E-08,6.5903462158763E+026,1.00000000000000000000,769,0.966751918158568,2.88592633980143,0,0.00000000000000000000,1,769,2,"success",769,,,,,,,,,,,,,,,,,,,,,,,,,,,,
131,1,3,8,9,"1001","9","10000011",0.984848484848485,10000011.9848485,9.84847304523913E-08,9.84847304523913E-08,1.06634041749171E+027,1.00000000000000000000,773,0.966921119592875,2.88817949391832,1,0.00000000000000000000,1,773,6,"success",773,,,,,,,,,,,,,,,,,,,,,,,,,,,,
132,2,4,3,1,"1","1","10000100",0.984962406015038,10000100.9849624,9.84952459476328E-08,9.84952459476328E-08,1.72537503907934E+027,1.00000000000000000000,787,0.9675,2.89597473235906,0,0.00000000000000000000,0,787,7,"success",787,,,,,,,,,,,,,,,,,,,,,,,,,,,,
133,3,5,11,8,"1000","8","10000101",0.985074626865672,10000101.9850746,9.85064580677194E-08,9.85064580677194E-08,2.79171545657105E+027,1.00000000000000000000,797,0.967901234567901,2.90145832139611,1,0.00000000000000000000,1,797,4,"success",797,,,,,,,,,,,,,,,,,,,,,,,,,,,,
134,4,6,6,2,"10","2","10000110",0.985185185185185,10000110.9851852,9.85174251210514E-08,9.85174251210514E-08,4.51709049565039E+027,1.00000000000000000000,809,0.968369829683698,2.90794852161227,0,0.00000000000000000000,0,809,3,"success",809,,,,,,,,,,,,,,,,,,,,,,,,,,,,
135,5,7,1,4,"100","4","10000111",0.985294117647059,10000111.9852941,9.85283083925465E-08,9.85283083925465E-08,7.30880595222145E+027,1.00000000000000000000,811,0.968446601941748,2.90902085421116,1,0.00000000000000000000,1,811,5,"success",811,,,,,,,,,,,,,,,,,,,,,,,,,,,,
136,6,8,9,15,"1111","F","10001000",0.985401459854015,10001000.9854015,9.85302832478882E-08,9.85302832478882E-08,1.18258964478718E+028,1.00000000000000000000,821,0.968824940047962,2.91434315711944,0,0.00000000000000000000,0,821,2,"success",821,,,,,,,,,,,,,,,,,,,,,,,,,,,,
137,7,9,4,3,"11","3","10001001",0.985507246376812,10001001.9855072,9.85408509872251E-08,9.85408509872251E-08,1.91347024000933E+028,1.00000000000000000000,823,0.968899521531101,2.91539983521227,1,0.00000000000000000000,1,823,4,"success",823,,,,,,,,,,,,,,,,,,,,,,,,,,,,
138,8,10,12,4,"100","4","10001010",0.985611510791367,10001010.9856115,9.85511876958609E-08,9.85511876958609E-08,3.09605988479651E+028,1.00000000000000000000,827,0.969047619047619,2.91750550955255,0,0.00000000000000000000,0,827,8,"success",827,,,,,,,,,,,,,,,,,,,,,,,,,,,,
139,9,11,7,14,"1110","E","10001011",0.985714285714286,10001011.9857143,9.85614542930562E-08,9.85614542930562E-08,5.00953012480584E+028,1.00000000000000000000,829,0.969121140142518,2.91855453055027,1,0.00000000000000000000,1,829,10,"success",829,,,,,,,,,,,,,,,,,,,,,,,,,,,,
140,10,12,2,8,"1000","8","10001100",0.985815602836879,10001100.9858156,9.8570707788577E-08,9.8570707788577E-08,8.10559000960235E+028,1.00000000000000000000,839,0.969483568075117,2.9237619608287,0,0.00000000000000000000,0,839,7,"success",839,,,,,,,,,,,,,,,,,,,,,,,,,,,,
141,11,13,10,1,"1","1","10001101",0.985915492957746,10001101.9859155,9.85806858430408E-08,9.85806858430408E-08,1.31151201344082E+029,1.00000000000000000000,853,0.969976905311778,2.93094903116752,1,0.00000000000000000000,1,853,8,"success",853,,,,,,,,,,,,,,,,,,,,,,,,,,,,
142,12,14,5,9,"1001","9","10001110",0.986013986013986,10001110.986014,9.859044534081E-08,9.859044534081E-08,2.12207101440105E+029,1.00000000000000000000,857,0.970114942528736,2.9329808219232,0,0.00000000000000000000,0,857,12,"success",857,,,,,,,,,,,,,,,,,,,,,,,,,,,,
143,0,15,0,0,"0","0","10001111",0.986111111111111,10001111.9861111,9.86001469117192E-08,9.86001469117192E-08,3.43358302784187E+029,1.00000000000000000000,859,0.970183486238532,2.93399316383124,1,0.00000000000000000000,1,859,1,"success",859,,,,,,,,,,,,,,,,,,,,,,,,,,,,
144,1,16,8,9,"1001","9","10010000",0.986206896551724,10010000.9862069,9.85221577810682E-08,9.85221577810682E-08,5.55565404224293E+029,1.00000000000000000000,863,0.970319634703196,2.93601079571521,0,0.00000000000000000000,0,863,5,"success",863,,,,,,,,,,,,,,,,,,,,,,,,,,,,
145,2,17,3,1,"1","1","10010001",0.986301369863014,10010001.9863014,9.85315858291298E-08,9.85315858291298E-08,8.9892370700848E+029,1.00000000000000000000,877,0.970786516853933,2.94299959336604,1,0.00000000000000000000,1,877,6,"success",877,,,,,,,,,,,,,,,,,,,,,,,,,,,,
146,3,18,11,8,"1000","8","10010010",0.986394557823129,10010010.9863946,9.85408067147799E-08,9.85408067147799E-08,1.45448911123277E+030,1.00000000000000000000,881,0.970917225950783,2.94497590841205,0,0.00000000000000000000,0,881,10,"success",881,,,,,,,,,,,,,,,,,,,,,,,,,,,,
147,4,19,6,2,"10","2","10010011",0.986486486486487,10010011.9864865,9.85499805413063E-08,9.85499805413063E-08,2.35341281824125E+030,1.00000000000000000000,883,0.970982142857143,2.94596070357757,1,0.00000000000000000000,1,883,12,"success",883,,,,,,,,,,,,,,,,,,,,,,,,,,,,
148,5,20,1,4,"100","4","10010100",0.986577181208054,10010100.9865772,9.85581646509842E-08,9.85581646509842E-08,3.80790192947403E+030,1.00000000000000000000,887,0.971111111111111,2.94792361983173,0,0.00000000000000000000,0,887,3,"success",887,,,,,,,,,,,,,,,,,,,,,,,,,,,,
149,6,21,9,15,"1111","F","10010101",0.986666666666667,10010101.9866667,9.8567094319408E-08,9.8567094319408E-08,6.16131474771528E+030,1.00000000000000000000,907,0.971739130434783,2.95760728706009,1,0.00000000000000000000,1,907,10,"success",907,,,,,,,,,,,,,,,,,,,,,,,,,,,,
150,7,22,4,3,"11","3","10010110",0.986754966887417,10010110.986755,9.85758268008274E-08,9.85758268008274E-08,9.96921667718931E+030,1.00000000000000000000,911,0.971861471861472,2.959518376973,0,0.00000000000000000000,0,911,1,"success",911,,,,,,,,,,,,,,,,,,,,,,,,,,,,
151,8,23,12,4,"100","4","10010111",0.986842105263158,10010111.9868421,9.85845219873986E-08,9.85845219873986E-08,1.61305314249046E+031,1.00000000000000000000,919,0.972103004291845,2.96331551138611,1,0.00000000000000000000,1,919,9,"success",919,,,,,,,,,,,,,,,,,,,,,,,,,,,,
152,9,24,7,14,"1110","E","10011000",0.986928104575163,10011000.9869281,9.85843579342214E-08,9.85843579342214E-08,2.60997481020939E+031,1.00000000000000000000,929,0.9723991507431,2.96801571399364,0,0.00000000000000000000,0,929,6,"success",929,,,,,,,,,,,,,,,,,,,,,,,,,,,,
153,10,25,2,8,"1000","8","10011001",0.987012987012987,10011001.987013,9.85928270010748E-08,9.85928270010748E-08,4.22302795269985E+031,1.00000000000000000000,937,0.972631578947368,2.97173959088778,1,0.00000000000000000000,1,937,1,"success",937,,,,,,,,,,,,,,,,,,,,,,,,,,,,
154,11,26,10,1,"1","1","10011010",0.987096774193548,10011010.9870968,9.860110786671E-08,9.860110786671E-08,6.83300276290924E+031,1.00000000000000000000,941,0.972746331236897,2.97358962342726,0,0.00000000000000000000,0,941,5,"success",941,,,,,,,,,,,,,,,,,,,,,,,,,,,,
155,12,27,5,9,"1001","9","10011011",0.987179487179487,10011011.9871795,9.86093602169001E-08,9.86093602169001E-08,1.10560307156091E+032,1.00000000000000000000,947,0.972916666666667,2.97634997900327,1,0.00000000000000000000,1,947,11,"success",947,,,,,,,,,,,,,,,,,,,,,,,,,,,,
156,0,28,0,0,"0","0","10011100",0.987261146496815,10011100.9872611,9.86166404427523E-08,9.86166404427523E-08,1.78890334785183E+032,1.00000000000000000000,953,0.973084886128364,2.97909290063833,0,0.00000000000000000000,0,953,4,"success",953,,,,,,,,,,,,,,,,,,,,,,,,,,,,
157,1,29,8,9,"1001","9","10011101",0.987341772151899,10011101.9873418,9.86246842156151E-08,9.86246842156151E-08,2.89450641941274E+032,1.00000000000000000000,967,0.973469387755102,2.985426474083,1,0.00000000000000000000,1,967,5,"success",967,,,,,,,,,,,,,,,,,,,,,,,,,,,,
158,2,30,3,1,"1","1","10011110",0.987421383647799,10011110.9874214,9.86325478649133E-08,9.86325478649133E-08,4.68340976726457E+032,1.00000000000000000000,971,0.973577235772358,2.987219229908,0,0.00000000000000000000,0,971,9,"success",971,,,,,,,,,,,,,,,,,,,,,,,,,,,,
159,3,31,11,8,"1000","8","10011111",0.9875,10011111.9875,9.86403909209092E-08,9.86403909209092E-08,7.57791618667731E+032,1.00000000000000000000,977,0.973737373737374,2.98989456371877,1,0.00000000000000000000,1,977,2,"success",977,,,,,,,,,,,,,,,,,,,,,,,,,,,,
160,4,32,6,2,"10","2","10100000",0.987577639751553,10100000.9875776,9.77799547709164E-08,9.77799547709164E-08,1.22613259539419E+033,1.00000000000000000000,983,0.973895582329317,2.99255351783214,0,0.00000000000000000000,0,983,8,"success",983,,,,,,,,,,,,,,,,,,,,,,,,,,,,
161,5,33,1,4,"100","4","10100001",0.987654320987654,10100001.9876543,9.77875372890924E-08,9.77875372890924E-08,1.98392421406192E+033,1.00000000000000000000,991,0.97410358565737,2.99607365448528,1,0.00000000000000000000,1,991,3,"success",991,,,,,,,,,,,,,,,,,,,,,,,,,,,,
162,6,34,9,15,"1111","F","10100010",0.987730061349693,10100010.9877301,9.77949491886327E-08,9.77949491886327E-08,3.21005680945611E+033,1.00000000000000000000,997,0.974257425742574,2.99869515831166,0,0.00000000000000000000,0,997,9,"success",997,,,,,,,,,,,,,,,,,,,,,,,,,,,,
163,7,35,4,3,"11","3","10100011",0.98780487804878,10100011.9878049,9.78023470904284E-08,9.78023470904284E-08,5.19398102351803E+033,1.00000000000000000000,1009,0.974559686888454,3.00389116623691,1,0.00000000000000000000,1,1009,8,"success",1009,,,,,,,,,,,,,,,,,,,,,,,,,,,,
164,8,36,12,4,"100","4","10100100",0.987878787878788,10100100.9878788,9.780880300745E-08,9.780880300745E-08,8.40403783297414E+033,1.00000000000000000000,1013,0.974658869395711,3.00560944536028,0,0.00000000000000000000,0,1013,12,"success",1013,,,,,,,,,,,,,,,,,,,,,,,,,,,,
165,9,37,7,14,"1110","E","10100101",0.987951807228916,10100101.9879518,9.78160228884245E-08,9.78160228884245E-08,1.35980188564922E+034,1.00000000000000000000,1019,0.974806201550387,3.00817418400643,1,0.00000000000000000000,1,1019,5,"success",1019,,,,,,,,,,,,,,,,,,,,,,,,,,,,
166,10,38,2,8,"1000","8","10100110",0.988023952095808,10100110.988024,9.78230787035254E-08,9.78230787035254E-08,2.20020566894663E+034,1.00000000000000000000,1021,0.974854932301741,3.00902574208691,0,0.00000000000000000000,0,1021,7,"success",1021,,,,,,,,,,,,,,,,,,,,,,,,,,,,
167,11,39,10,1,"1","1","10100111",0.988095238095238,10100111.9880952,9.78301269589765E-08,9.78301269589765E-08,3.56000755459585E+034,1.00000000000000000000,1031,0.975095785440613,3.01325866528352,1,0.00000000000000000000,1,1031,4,"success",1031,,,,,,,,,,,,,,,,,,,,,,,,,,,,
168,12,40,5,9,"1001","9","10101000",0.988165680473373,10101000.9881657,9.78284906249496E-08,9.78284906249496E-08,5.76021322354248E+034,1.00000000000000000000,1033,0.975143403441682,3.01410032151962,0,0.00000000000000000000,0,1033,6,"success",1033,,,,,,,,,,,,,,,,,,,,,,,,,,,,
169,0,41,0,0,"0","0","10101001",0.988235294117647,10101001.9882353,9.78353726955654E-08,9.78353726955654E-08,9.32022077813832E+034,1.00000000000000000000,1039,0.975285171102662,3.01661554755718,1,0.00000000000000000000,1,1039,12,"success",1039,,,,,,,,,,,,,,,,,,,,,,,,,,,,
170,1,42,8,9,"1001","9","10101010",0.988304093567252,10101010.9883041,9.78420966685022E-08,9.78420966685022E-08,1.50804340016808E+035,1.00000000000000000000,1049,0.975517890772128,3.02077548819356,0,0.00000000000000000000,0,1049,9,"success",1049,,,,,,,,,,,,,,,,,,,,,,,,,,,,
171,2,43,3,1,"1","1","10101011",0.988372093023256,10101011.9883721,9.78488189263643E-08,9.78488189263643E-08,2.44006547798191E+035,1.00000000000000000000,1051,0.975563909774436,3.02160271602824,1,0.00000000000000000000,1,1051,11,"success",1051,,,,,,,,,,,,,,,,,,,,,,,,,,,,
172,3,44,11,8,"1000","8","10101100",0.988439306358382,10101100.9884393,9.78546108478322E-08,9.78546108478322E-08,3.94810887814999E+035,1.00000000000000000000,1061,0.975791433891992,3.02571538390134,0,0.00000000000000000000,0,1061,8,"success",1061,,,,,,,,,,,,,,,,,,,,,,,,,,,,
173,4,45,6,2,"10","2","10101101",0.988505747126437,10101101.9885057,9.78611787358724E-08,9.78611787358724E-08,6.38817435613191E+035,1.00000000000000000000,1063,0.975836431226766,3.0265332645233,1,0.00000000000000000000,1,1063,10,"success",1063,,,,,,,,,,,,,,,,,,,,,,,,,,,,
174,5,46,1,4,"100","4","10101110",0.988571428571428,10101110.9885714,9.78675939399058E-08,9.78675939399058E-08,1.03362832342819E+036,1.00000000000000000000,1069,0.975970425138632,3.02897770520878,0,0.00000000000000000000,0,1069,3,"success",1069,,,,,,,,,,,,,,,,,,,,,,,,,,,,
175,6,47,9,15,"1111","F","10101111",0.988636363636364,10101111.9886364,9.78740127570676E-08,9.78740127570676E-08,1.67244575904138E+036,1.00000000000000000000,1087,0.976363636363636,3.03622954408629,1,0.00000000000000000000,1,1087,8,"success",1087,,,,,,,,,,,,,,,,,,,,,,,,,,,,
176,7,48,4,3,"11","3","10110000",0.988700564971751,10110000.9887006,9.77943094245759E-08,9.77943094245759E-08,2.70607408246957E+036,1.00000000000000000000,1091,0.976449275362319,3.03782475058834,0,0.00000000000000000000,0,1091,12,"success",1091,,,,,,,,,,,,,,,,,,,,,,,,,,,,
177,8,49,12,4,"100","4","10110001",0.98876404494382,10110001.988764,9.7800578678689E-08,9.7800578678689E-08,4.37851984151095E+036,1.00000000000000000000,1093,0.976491862567812,3.0386201619497,1,0.00000000000000000000,1,1093,1,"success",1093,,,,,,,,,,,,,,,,,,,,,,,,,,,,
178,9,50,7,14,"1110","E","10110010",0.988826815642458,10110010.9888268,9.78067003819551E-08,9.78067003819551E-08,7.08459392398052E+036,1.00000000000000000000,1097,0.976576576576577,3.04020662757471,0,0.00000000000000000000,0,1097,5,"success",1097,,,,,,,,,,,,,,,,,,,,,,,,,,,,
179,10,51,2,8,"1000","8","10110011",0.988888888888889,10110011.9888889,9.78128304868182E-08,9.78128304868182E-08,1.14631137654915E+037,1.00000000000000000000,1103,0.976702508960573,3.04257551244019,1,0.00000000000000000000,1,1103,11,"success",1103,,,,,,,,,,,,,,,,,,,,,,,,,,,,
180,11,52,10,1,"1","1","10110100",0.988950276243094,10110100.9889503,9.78180413157056E-08,9.78180413157056E-08,1.8547707689472E+037,1.00000000000000000000,1109,0.976827094474153,3.04493154614916,0,0.00000000000000000000,0,1109,4,"success",1109,,,,,,,,,,,,,,,,,,,,,,,,,,,,
181,12,53,5,9,"1001","9","10110101",0.989010989010989,10110101.989011,9.78240367986375E-08,9.78240367986375E-08,3.00108214549635E+037,1.00000000000000000000,1117,0.976991150442478,3.04805317311561,1,0.00000000000000000000,1,1117,12,"success",1117,,,,,,,,,,,,,,,,,,,,,,,,,,,,
182,0,54,0,0,"0","0","10110110",0.989071038251366,10110110.989071,9.78298892386587E-08,9.78298892386587E-08,4.85585291444354E+037,1.00000000000000000000,1123,0.977112676056338,3.05037975626146,0,0.00000000000000000000,0,1123,5,"success",1123,,,,,,,,,,,,,,,,,,,,,,,,,,,,
183,1,55,8,9,"1001","9","10110111",0.989130434782609,10110111.9891304,9.78357545243852E-08,9.78357545243852E-08,7.85693505993989E+037,1.00000000000000000000,1129,0.97723292469352,3.05269394192497,1,0.00000000000000000000,1,1129,11,"success",1129,,,,,,,,,,,,,,,,,,,,,,,,,,,,
184,2,56,3,1,"1","1","10111000",0.989189189189189,10111000.9891892,9.78329633482227E-08,9.78329633482227E-08,1.27127879743834E+038,1.00000000000000000000,1151,0.97766323024055,3.06107532362979,0,0.00000000000000000000,0,1151,7,"success",1151,,,,,,,,,,,,,,,,,,,,,,,,,,,,
185,3,57,11,8,"1000","8","10111001",0.989247311827957,10111001.9892473,9.78387021266524E-08,9.78387021266524E-08,2.05697230343233E+038,1.00000000000000000000,1153,0.97770154373928,3.0618293072947,1,0.00000000000000000000,1,1153,9,"success",1153,,,,,,,,,,,,,,,,,,,,,,,,,,,,
186,4,58,6,2,"10","2","10111010",0.989304812834225,10111010.9893048,9.78443020070582E-08,9.78443020070582E-08,3.32825110087068E+038,1.00000000000000000000,1163,0.977891156462585,3.06557971472845,0,0.00000000000000000000,0,1163,6,"success",1163,,,,,,,,,,,,,,,,,,,,,,,,,,,,
187,5,59,1,4,"100","4","10111011",0.98936170212766,10111011.9893617,9.7849918798298E-08,9.7849918798298E-08,5.38522340430301E+038,1.00000000000000000000,1171,0.978040540540541,3.06855689507236,1,0.00000000000000000000,1,1171,1,"success",1171,,,,,,,,,,,,,,,,,,,,,,,,,,,,
188,6,60,9,15,"1111","F","10111100",0.989417989417989,10111100.989418,9.78546243829913E-08,9.78546243829913E-08,8.71347450517368E+038,1.00000000000000000000,1181,0.97822445561139,3.07224989761351,0,0.00000000000000000000,0,1181,11,"success",1181,,,,,,,,,,,,,,,,,,,,,,,,,,,,
189,7,61,4,3,"11","3","10111101",0.989473684210526,10111101.9894737,9.78601229856679E-08,9.78601229856679E-08,1.40986979094767E+039,1.00000000000000000000,1187,0.978333333333333,3.07445071895459,1,0.00000000000000000000,1,1187,4,"success",1187,,,,,,,,,,,,,,,,,,,,,,,,,,,,
190,8,62,12,4,"100","4","10111110",0.989528795811518,10111110.9895288,9.7865486476836E-08,9.7865486476836E-08,2.28121724146504E+039,1.00000000000000000000,1193,0.978441127694859,3.07664044367034,0,0.00000000000000000000,0,1193,10,"success",1193,,,,,,,,,,,,,,,,,,,,,,,,,,,,
191,9,63,7,14,"1110","E","10111111",0.989583333333333,10111111.9895833,9.7870870617675E-08,9.7870870617675E-08,3.69108703241271E+039,1.00000000000000000000,1201,0.978583196046129,3.07954300740291,1,0.00000000000000000000,1,1201,5,"success",1201,,,,,,,,,,,,,,,,,,,,,,,,,,,,
192,10,0,2,8,"1000","8","11000000",0.989637305699482,11000000.9896373,8.99670196967966E-08,8.99670196967966E-08,5.97230427387775E+039,1.00000000000000000000,1213,0.978792822185971,3.08386080086657,0,0.00000000000000000000,0,1213,4,"success",1213,,,,,,,,,,,,,,,,,,,,,,,,,,,,
193,11,1,10,1,"1","1","11000001",0.989690721649485,11000001.9896907,8.99718675121177E-08,8.99718675121177E-08,9.66339130629045E+039,1.00000000000000000000,1217,0.978861788617886,3.08529057823006,1,0.00000000000000000000,1,1217,8,"success",1217,,,,,,,,,,,,,,,,,,,,,,,,,,,,
194,12,2,5,9,"1001","9","11000010",0.98974358974359,11000010.9897436,8.99766000839842E-08,8.99766000839842E-08,1.56356955801682E+040,1.00000000000000000000,1223,0.978964401294498,3.08742645703628,0,0.00000000000000000000,0,1223,1,"success",1223,,,,,,,,,,,,,,,,,,,,,,,,,,,,
195,0,3,0,0,"0","0","11000011",0.989795918367347,11000011.9897959,8.99813490463032E-08,8.99813490463032E-08,2.52990868864586E+040,1.00000000000000000000,1229,0.979066022544283,3.08955188288645,1,0.00000000000000000000,1,1229,7,"success",1229,,,,,,,,,,,,,,,,,,,,,,,,,,,,
196,1,4,8,9,"1001","9","11000100",0.989847715736041,11000100.9898477,8.99853298301168E-08,8.99853298301168E-08,4.09347824666268E+040,1.00000000000000000000,1231,0.979099678456592,3.09025805293132,0,0.00000000000000000000,0,1231,9,"success",1231,,,,,,,,,,,,,,,,,,,,,,,,,,,,
197,2,5,3,1,"1","1","11000101",0.98989898989899,11000101.989899,8.99899828936113E-08,8.99899828936113E-08,6.62338693530855E+040,1.00000000000000000000,1237,0.9792,3.09236969962912,1,0.00000000000000000000,1,1237,2,"success",1237,,,,,,,,,,,,,,,,,,,,,,,,,,,,
198,3,6,11,8,"1000","8","11000110",0.989949748743718,11000110.9899497,8.99945236596418E-08,8.99945236596418E-08,1.07168651819712E+041,1.00000000000000000000,1249,0.979397781299525,3.09656243837414,0,0.00000000000000000000,0,1249,1,"success",1249,,,,,,,,,,,,,,,,,,,,,,,,,,,,
199,4,7,6,2,"10","2","11000111",0.99,11000111.99,8.99990837275103E-08,8.99990837275103E-08,1.73402521172798E+041,1.00000000000000000000,1259,0.979559748427673,3.10002573010786,1,0.00000000000000000000,1,1259,11,"success",1259,,,,,,,,,,,,,,,,,,,,,,,,,,,,
200,5,8,1,4,"100","4","11001000",0.990049751243781,11001000.9900498,8.99963332554253E-08,8.99963332554253E-08,2.8057117299251E+041,1.00000000000000000000,1277,0.97984496124031,3.10619089726341,0,0.00000000000000000000,0,1277,3,"success",1277,,,,,,,,,,,,,,,,,,,,,,,,,,,,
201,6,9,9,15,"1111","F","11001001",0.99009900990099,11001001.990099,9.00008027261596E-08,9.00008027261596E-08,4.53973694165308E+041,1.00000000000000000000,1279,0.979876160990712,3.10687054447865,1,0.00000000000000000000,1,1279,5,"success",1279,,,,,,,,,,,,,,,,,,,,,,,,,,,,
202,7,10,4,3,"11","3","11001010",0.990147783251232,11001010.9901478,9.00051626289604E-08,9.00051626289604E-08,7.34544867157818E+041,1.00000000000000000000,1283,0.979938271604938,3.10822665637493,0,0.00000000000000000000,0,1283,9,"success",1283,,,,,,,,,,,,,,,,,,,,,,,,,,,,
203,8,11,12,4,"100","4","11001011",0.990196078431373,11001011.9901961,9.00095445140701E-08,9.00095445140701E-08,1.18851856132313E+042,1.00000000000000000000,1289,0.980030721966206,3.1102529173534,1,0.00000000000000000000,1,1289,2,"success",1289,,,,,,,,,,,,,,,,,,,,,,,,,,,,
204,9,12,7,14,"1110","E","11001100",0.990243902439024,11001100.9902439,9.00131635294687E-08,9.00131635294687E-08,1.92306342848094E+042,1.00000000000000000000,1291,0.980061349693252,3.11092624226642,0,0.00000000000000000000,0,1291,4,"success",1291,,,,,,,,,,,,,,,,,,,,,,,,,,,,
205,10,13,2,8,"1000","8","11001101",0.990291262135922,11001101.9902913,9.00174603425982E-08,9.00174603425982E-08,3.11158198980407E+042,1.00000000000000000000,1297,0.980152671755725,3.11293997608408,1,0.00000000000000000000,1,1297,10,"success",1297,,,,,,,,,,,,,,,,,,,,,,,,,,,,
206,11,14,10,1,"1","1","11001110",0.990338164251208,11001110.9903382,9.00216500970658E-08,9.00216500970658E-08,5.03464541828501E+042,1.00000000000000000000,1301,0.980213089802131,3.11427729656159,0,0.00000000000000000000,0,1301,1,"success",1301,,,,,,,,,,,,,,,,,,,,,,,,,,,,
207,12,15,5,9,"1001","9","11001111",0.990384615384615,11001111.9903846,9.00258643171935E-08,9.00258643171935E-08,8.14622740808908E+042,1.00000000000000000000,1303,0.980243161094225,3.11494441571258,1,0.00000000000000000000,1,1303,3,"success",1303,,,,,,,,,,,,,,,,,,,,,,,,,,,,
208,0,16,0,0,"0","0","11010000",0.990430622009569,11010000.9904306,8.99573599376063E-08,8.99573599376063E-08,1.31808728263741E+043,1.00000000000000000000,1307,0.98030303030303,3.11627558758054,0,0.00000000000000000000,0,1307,7,"success",1307,,,,,,,,,,,,,,,,,,,,,,,,,,,,
209,1,17,8,9,"1001","9","11010001",0.990476190476191,11010001.9904762,8.99614905912793E-08,8.99614905912793E-08,2.13271002344632E+043,1.00000000000000000000,1319,0.980480480480481,3.12024479554636,1,0.00000000000000000000,1,1319,6,"success",1319,,,,,,,,,,,,,,,,,,,,,,,,,,,,
210,2,18,3,1,"1","1","11010010",0.990521327014218,11010010.9905213,8.9965516643623E-08,8.9965516643623E-08,3.45079730608373E+043,1.00000000000000000000,1321,0.980509745127436,3.12090281761453,0,0.00000000000000000000,0,1321,8,"success",1321,,,,,,,,,,,,,,,,,,,,,,,,,,,,
211,3,19,11,8,"1000","8","11010011",0.990566037735849,11010011.990566,8.99695693869015E-08,8.99695693869015E-08,5.58350732953005E+043,1.00000000000000000000,1327,0.980597014925373,3.12287092286443,1,0.00000000000000000000,1,1327,1,"success",1327,,,,,,,,,,,,,,,,,,,,,,,,,,,,
212,4,20,6,2,"10","2","11010100",0.990610328638498,11010100.9906103,8.99728648704779E-08,8.99728648704779E-08,9.03430463561378E+043,1.00000000000000000000,1361,0.981077147016012,3.13385812520333,0,0.00000000000000000000,0,1361,9,"success",1361,,,,,,,,,,,,,,,,,,,,,,,,,,,,
213,5,21,1,4,"100","4","11010101",0.990654205607477,11010101.9906542,8.99768418538159E-08,8.99768418538159E-08,1.46178119651438E+044,1.00000000000000000000,1367,0.981159420289855,3.13576851456782,1,0.00000000000000000000,1,1367,2,"success",1367,,,,,,,,,,,,,,,,,,,,,,,,,,,,
214,6,22,9,15,"1111","F","11010110",0.990697674418605,11010110.9906977,8.99807163847517E-08,8.99807163847517E-08,2.36521166007576E+044,1.00000000000000000000,1373,0.981240981240981,3.13767053723675,0,0.00000000000000000000,0,1373,8,"success",1373,,,,,,,,,,,,,,,,,,,,,,,,,,,,
215,7,23,4,3,"11","3","11010111",0.990740740740741,11010111.9907407,8.99846197362871E-08,8.99846197362871E-08,3.82699285659014E+044,1.00000000000000000000,1381,0.981348637015782,3.14019367857863,1,0.00000000000000000000,1,1381,3,"success",1381,,,,,,,,,,,,,,,,,,,,,,,,,,,,
216,8,24,12,4,"100","4","11011000",0.990783410138249,11011000.9907834,8.99812297689891E-08,8.99812297689891E-08,6.1922045166659E+044,1.00000000000000000000,1399,0.981586402266289,3.14581771449183,0,0.00000000000000000000,0,1399,8,"success",1399,,,,,,,,,,,,,,,,,,,,,,,,,,,,
217,9,25,7,14,"1110","E","11011001",0.990825688073394,11011001.9908257,8.99850612050516E-08,8.99850612050516E-08,1.0019197373256E+045,1.00000000000000000000,1409,0.981715893108298,3.14891099310936,1,0.00000000000000000000,1,1409,5,"success",1409,,,,,,,,,,,,,,,,,,,,,,,,,,,,
218,10,26,2,8,"1000","8","11011010",0.990867579908676,11011010.9908676,8.99887921945125E-08,8.99887921945125E-08,1.62114018899219E+045,1.00000000000000000000,1423,0.981894150417827,3.15320490008428,0,0.00000000000000000000,0,1423,6,"success",1423,,,,,,,,,,,,,,,,,,,,,,,,,,,,
219,11,27,10,1,"1","1","11011011",0.990909090909091,11011011.9909091,8.99925539748032E-08,8.99925539748032E-08,2.6230599263178E+045,1.00000000000000000000,1427,0.981944444444444,3.15442397311465,1,0.00000000000000000000,1,1427,10,"success",1427,,,,,,,,,,,,,,,,,,,,,,,,,,,,
220,12,28,5,9,"1001","9","11011100",0.990950226244344,11011100.9909502,8.99955623927874E-08,8.99955623927874E-08,4.24420011530999E+045,1.00000000000000000000,1429,0.981969486823856,3.15503222879097,0,0.00000000000000000000,0,1429,12,"success",1429,,,,,,,,,,,,,,,,,,,,,,,,,,,,
221,0,29,0,0,"0","0","11011101",0.990990990990991,11011101.990991,8.99992563688716E-08,8.99992563688716E-08,6.86726004162779E+045,1.00000000000000000000,1433,0.982019363762102,3.15624619039734,1,0.00000000000000000000,1,1433,3,"success",1433,,,,,,,,,,,,,,,,,,,,,,,,,,,,
222,1,30,8,9,"1001","9","11011110",0.991031390134529,11011110.9910314,9.0002851750539E-08,9.0002851750539E-08,1.11114601569378E+046,1.00000000000000000000,1439,0.982093663911846,3.1580607939366,0,0.00000000000000000000,0,1439,9,"success",1439,,,,,,,,,,,,,,,,,,,,,,,,,,,,
223,2,31,3,1,"1","1","11011111",0.991071428571429,11011111.9910714,9.00064797610866E-08,9.00064797610866E-08,1.79787201985656E+046,1.00000000000000000000,1447,0.982191780821918,3.16046853111904,1,0.00000000000000000000,1,1447,4,"success",1447,,,,,,,,,,,,,,,,,,,,,,,,,,,,
224,3,32,11,8,"1000","8","11100000",0.991111111111111,11100000.9911111,8.92892813167128E-08,8.92892813167128E-08,2.90901803555034E+046,1.00000000000000000000,1451,0.98224043715847,3.16166741243774,0,0.00000000000000000000,0,1451,8,"success",1451,,,,,,,,,,,,,,,,,,,,,,,,,,,,
225,4,33,6,2,"10","2","11100001",0.991150442477876,11100001.9911504,8.92928166380581E-08,8.92928166380581E-08,4.70689005540689E+046,1.00000000000000000000,1453,0.982264665757162,3.16226561429802,1,0.00000000000000000000,1,1453,10,"success",1453,,,,,,,,,,,,,,,,,,,,,,,,,,,,
226,5,34,1,4,"100","4","11100010",0.991189427312775,11100010.9911894,8.92962563820456E-08,8.92962563820456E-08,7.61590809095723E+046,1.00000000000000000000,1459,0.982336956521739,3.16405529189345,0,0.00000000000000000000,0,1459,3,"success",1459,,,,,,,,,,,,,,,,,,,,,,,,,,,,
227,6,35,9,15,"1111","F","11100011",0.991228070175439,11100011.9912281,8.92997296722535E-08,8.92997296722535E-08,1.23227981463641E+047,1.00000000000000000000,1471,0.982479784366577,3.16761267272753,1,0.00000000000000000000,1,1471,2,"success",1471,,,,,,,,,,,,,,,,,,,,,,,,,,,,
228,7,36,4,3,"11","3","11100100",0.991266375545851,11100100.9912664,8.93024645744922E-08,8.93024645744922E-08,1.99387062373214E+047,1.00000000000000000000,1481,0.982597054886212,3.17055505852121,0,0.00000000000000000000,0,1481,12,"success",1481,,,,,,,,,,,,,,,,,,,,,,,,,,,,
229,8,37,12,4,"100","4","11100101",0.991304347826087,11100101.9913043,8.93058774237083E-08,8.93058774237083E-08,3.22615043836855E+047,1.00000000000000000000,1483,0.982620320855615,3.17114115102838,1,0.00000000000000000000,1,1483,1,"success",1483,,,,,,,,,,,,,,,,,,,,,,,,,,,,
230,9,38,7,14,"1110","E","11100110",0.991341991341991,11100110.991342,8.93091962877877E-08,8.93091962877877E-08,5.22002106210068E+047,1.00000000000000000000,1487,0.982666666666667,3.17231096852195,0,0.00000000000000000000,0,1487,5,"success",1487,,,,,,,,,,,,,,,,,,,,,,,,,,,,
231,10,39,2,8,"1000","8","11100111",0.991379310344828,11100111.9913793,8.9312550280102E-08,8.9312550280102E-08,8.44617150046923E+047,1.00000000000000000000,1489,0.982689747003995,3.17289469775218,1,0.00000000000000000000,1,1489,7,"success",1489,,,,,,,,,,,,,,,,,,,,,,,,,,,,
232,11,40,10,1,"1","1","11101000",0.991416309012875,11101000.9914163,8.93087307873834E-08,8.93087307873834E-08,1.36661925625699E+048,1.00000000000000000000,1493,0.98273572377158,3.17405980772503,0,0.00000000000000000000,0,1493,11,"success",1493,,,,,,,,,,,,,,,,,,,,,,,,,,,,
233,12,41,5,9,"1001","9","11101001",0.991452991452992,11101001.991453,8.93120271680288E-08,8.93120271680288E-08,2.21123640630391E+048,1.00000000000000000000,1499,0.982804232804233,3.17580163284828,1,0.00000000000000000000,1,1499,4,"success",1499,,,,,,,,,,,,,,,,,,,,,,,,,,,,
234,0,42,0,0,"0","0","11101010",0.991489361702128,11101010.9914894,8.93152310597888E-08,8.93152310597888E-08,3.57785566256091E+048,1.00000000000000000000,1511,0.982939632545932,3.17926446433903,0,0.00000000000000000000,0,1511,3,"success",1511,,,,,,,,,,,,,,,,,,,,,,,,,,,,
235,1,43,8,9,"1001","9","11101011",0.991525423728814,11101011.9915254,8.93184715488777E-08,8.93184715488777E-08,5.78909206886482E+048,1.00000000000000000000,1523,0.983072916666667,3.18269990333604,1,0.00000000000000000000,1,1523,2,"success",1523,,,,,,,,,,,,,,,,,,,,,,,,,,,,
236,2,44,3,1,"1","1","11101100",0.991561181434599,11101100.9915612,8.93209765579435E-08,8.93209765579435E-08,9.36694773142572E+048,1.00000000000000000000,1531,0.983160621761658,3.18497519069826,0,0.00000000000000000000,0,1531,10,"success",1531,,,,,,,,,,,,,,,,,,,,,,,,,,,,
237,3,45,11,8,"1000","8","11101101",0.991596638655462,11101101.9915966,8.93241625386458E-08,8.93241625386458E-08,1.51560398002905E+049,1.00000000000000000000,1543,0.983290488431877,3.18836592606315,1,0.00000000000000000000,1,1543,9,"success",1543,,,,,,,,,,,,,,,,,,,,,,,,,,,,
238,4,46,6,2,"10","2","11101110",0.99163179916318,11101110.9916318,8.93272574169098E-08,8.93272574169098E-08,2.45229875317163E+049,1.00000000000000000000,1549,0.983354673495519,3.19005141775921,0,0.00000000000000000000,0,1549,2,"success",1549,,,,,,,,,,,,,,,,,,,,,,,,,,,,
239,5,47,1,4,"100","4","11101111",0.991666666666667,11101111.9916667,8.93303902718112E-08,8.93303902718112E-08,3.96790273320068E+049,1.00000000000000000000,1553,0.983397190293742,3.19117145572856,1,0.00000000000000000000,1,1553,6,"success",1553,,,,,,,,,,,,,,,,,,,,,,,,,,,,
240,6,48,9,15,"1111","F","11110000",0.991701244813278,11110000.9917012,8.92620302693079E-08,8.92620302693079E-08,6.42020148637231E+049,1.00000000000000000000,1559,0.983460559796438,3.19284611518884,0,0.00000000000000000000,0,1559,12,"success",1559,,,,,,,,,,,,,,,,,,,,,,,,,,,,
241,7,49,4,3,"11","3","11110001",0.991735537190083,11110001.9917355,8.92651088566691E-08,8.92651088566691E-08,1.0388104219573E+050,1.00000000000000000000,1567,0.983544303797468,3.19506899646859,1,0.00000000000000000000,1,1567,7,"success",1567,,,,,,,,,,,,,,,,,,,,,,,,,,,,
242,8,50,12,4,"100","4","11110010",0.991769547325103,11110010.9917695,8.9268097759743E-08,8.9268097759743E-08,1.68083057059453E+050,1.00000000000000000000,1571,0.983585858585859,3.19617618503997,0,0.00000000000000000000,0,1571,11,"success",1571,,,,,,,,,,,,,,,,,,,,,,,,,,,,
243,9,51,7,14,"1110","E","11110011",0.991803278688525,11110011.9918033,8.92711258475918E-08,8.92711258475918E-08,2.71964099255183E+050,1.00000000000000000000,1579,0.983668341708543,3.19838213000829,1,0.00000000000000000000,1,1579,6,"success",1579,,,,,,,,,,,,,,,,,,,,,,,,,,,,
244,10,52,2,8,"1000","8","11110100",0.991836734693877,11110100.9918367,8.92734220348348E-08,8.92734220348348E-08,4.40047156314636E+050,1.00000000000000000000,1583,0.983709273182957,3.19948091486236,0,0.00000000000000000000,0,1583,10,"success",1583,,,,,,,,,,,,,,,,,,,,,,,,,,,,
245,11,53,10,1,"1","1","11110101",0.991869918699187,11110101.9918699,8.92764008309745E-08,8.92764008309745E-08,7.12011255569819E+050,1.00000000000000000000,1597,0.983850931677019,3.20330491613848,1,0.00000000000000000000,1,1597,11,"success",1597,,,,,,,,,,,,,,,,,,,,,,,,,,,,
246,12,54,5,9,"1001","9","11110110",0.991902834008097,11110110.9919028,8.92792911547874E-08,8.92792911547874E-08,1.15205841188445E+051,1.00000000000000000000,1601,0.983890954151177,3.2043913319193,0,0.00000000000000000000,0,1601,2,"success",1601,,,,,,,,,,,,,,,,,,,,,,,,,,,,
247,0,55,0,0,"0","0","11110111",0.991935483870968,11110111.9919355,8.92822218705793E-08,8.92822218705793E-08,1.86406966745427E+051,1.00000000000000000000,1607,0.983950617283951,3.20601587676334,1,0.00000000000000000000,1,1607,8,"success",1607,,,,,,,,,,,,,,,,,,,,,,,,,,,,
248,1,56,8,9,"1001","9","11111000",0.991967871485944,11111000.9919679,8.92779932431863E-08,8.92779932431863E-08,3.01612807933873E+051,1.00000000000000000000,1609,0.983970406905055,3.20655604409903,0,0.00000000000000000000,0,1609,10,"success",1609,,,,,,,,,,,,,,,,,,,,,,,,,,,,
249,2,57,3,1,"1","1","11111001",0.992,11111001.992,8.92808768024924E-08,8.92808768024924E-08,4.880197746793E+051,1.00000000000000000000,1613,0.984009840098401,3.20763436738896,1,0.00000000000000000000,1,1613,1,"success",1613,,,,,,,,,,,,,,,,,,,,,,,,,,,,
250,3,58,11,8,"1000","8","11111010",0.99203187250996,11111010.9920319,8.92836730358186E-08,8.92836730358186E-08,7.89632582613173E+051,1.00000000000000000000,1619,0.98406862745098,3.20924684875337,0,0.00000000000000000000,0,1619,7,"success",1619,,,,,,,,,,,,,,,,,,,,,,,,,,,,
251,4,59,6,2,"10","2","11111011",0.992063492063492,11111011.9920635,8.92865107851666E-08,8.92865107851666E-08,1.27765235729247E+052,1.00000000000000000000,1621,0.984088127294982,3.20978301484851,1,0.00000000000000000000,1,1621,9,"success",1621,,,,,,,,,,,,,,,,,,,,,,,,,,,,
252,5,60,1,4,"100","4","11111100",0.992094861660079,11111100.9920949,8.92886188655758E-08,8.92886188655758E-08,2.06728493990565E+052,1.00000000000000000000,1627,0.984146341463415,3.21138755293686,0,0.00000000000000000000,0,1627,2,"success",1627,,,,,,,,,,,,,,,,,,,,,,,,,,,,
253,6,61,9,15,"1111","F","11111101",0.992125984251969,11111101.992126,8.92914118649123E-08,8.92914118649123E-08,3.34493729719812E+052,1.00000000000000000000,1637,0.984242424242424,3.21404867941194,1,0.00000000000000000000,1,1637,12,"success",1637,,,,,,,,,,,,,,,,,,,,,,,,,,,,
254,7,62,4,3,"11","3","11111110",0.992156862745098,11111110.9921569,8.92941186030312E-08,8.92941186030312E-08,5.41222223710376E+052,1.00000000000000000000,1657,0.984431137724551,3.21932250841934,0,0.00000000000000000000,0,1657,6,"success",1657,,,,,,,,,,,,,,,,,,,,,,,,,,,,
255,8,63,12,4,"100","4","11111111",0.9921875,11111111.9921875,8.92968679190374E-08,8.92968679190374E-08,8.75715953430188E+052,1.00000000000000000000,1663,0.984486873508353,3.22089224921952,1,0.00000000000000000000,1,1663,12,"success",1663,,,,,,,,,,,,,,,,,,,,,,,,,,,,
256,9,0,7,14,"1110","E","100000000",0.992217898832685,100000000.992218,9.92217888987721E-09,9.92217888987721E-09,1.41693817714056E+053,1.00000000000000000000,1667,0.98452380952381,3.22193559982801,0,0.00000000000000000000,0,1667,3,"success",1667,,,,,,,,,,,,,,,,,,,,,,,,,,,,
257,10,1,2,8,"1000","8","100000001",0.992248062015504,100000001.992248,9.92248042247461E-09,9.92248042247461E-09,2.29265413057075E+053,1.00000000000000000000,1669,0.984542211652794,3.22245633667925,1,0.00000000000000000000,1,1669,5,"success",1669,,,,,,,,,,,,,,,,,,,,,,,,,,,,
258,11,2,10,1,"1","1","100000010",0.992277992277992,100000010.992278,9.92277883204049E-09,9.92277883204049E-09,3.70959230771132E+053,1.00000000000000000000,1693,0.984759671746776,3.22865695810893,0,0.00000000000000000000,0,1693,3,"success",1693,,,,,,,,,,,,,,,,,,,,,,,,,,,,
259,12,3,5,9,"1001","9","100000011",0.992307692307692,100000011.992308,9.92307573307115E-09,9.92307573307115E-09,6.00224643828207E+053,1.00000000000000000000,1697,0.984795321637427,3.22968184231768,1,0.00000000000000000000,1,13,7,"next",1697,,,,,,,,,,,,,,,,,,,,,,,,,,,,
